pool,n_sesion,fecha,droga,dosis,ID,hora_inicio,hora_termino,n_licometro,estimulo_spout_1,estimulo_spout_2,licks_inicio_spout_1,licks_inicio_spout_2,licks_fin_spout_1,licks_fin_spout_2,eventos_inicio_spout_1,eventos_inicio_spout_2,eventos_fin_spout_1,eventos_fin_spout_2,ml_consumidos_spout_1,ml_consumidos_spout_2
2afc_piloto,1,2023 08 08,na_na_na_na,0_0_na,548,12 10 00,13 10 00,1,sac5perc100prob,sac5perc100prob,1,1,1,1,1,1,1,1,1,1
2afc_piloto,1,2023 08 08,na_na_na_na,0_0_na,549,14 00 00,15 00 00,1,sac5perc100prob,sac5perc100prob,1,1,1,1,1,1,1,1,1,1
2afc_piloto,1,2023 08 08,na_na_na_na,0_0_na,550,15 25 00,16 25 00,1,sac5perc100prob,sac5perc100prob,1,1,1,1,1,1,1,1,1,1
2afc_piloto,2,2023 08 09,na_na_na_na,0_0_na,548,13 25 00,14 25 00,1,sac5perc100prob,sac5perc100prob,1,1,1,1,1,1,1,1,1,1
2afc_piloto,2,2023 08 09,na_na_na_na,0_0_na,549,14 55 00,15 55 00,1,sac5perc100prob,sac5perc100prob,1,1,1,1,1,1,1,1,1,1
2afc_piloto,2,2023 08 09,na_na_na_na,0_0_na,550,16 10 00,17 10 00,1,sac5perc100prob,sac5perc100prob,1,1,1,1,1,1,1,1,1,1
2afc_piloto,3,2023 08 10,na_na_na_na,0_0_na,548,13 00 00,14 00 00,1,sac5perc100prob,sac5perc100prob,1,1,1,1,1,1,1,1,1,1
2afc_piloto,3,2023 08 10,na_na_na_na,0_0_na,549,14 20 00,15 20 00,1,sac5perc100prob,sac5perc100prob,1,1,1,1,1,1,1,1,1,1
2afc_piloto,3,2023 08 10,na_na_na_na,0_0_na,550,15 45 00,16 45 00,1,sac5perc100prob,sac5perc100prob,1,1,1,1,1,1,1,1,1,1
2afc_piloto,4,2023 08 11,na_na_na_na,0_0_na,548,13 00 00,14 00 00,1,sac5perc100prob,sac5perc100prob,1,1,1,1,1,1,1,1,1,1
2afc_piloto,4,2023 08 11,na_na_na_na,0_0_na,549,14 20 00,15 40 00,1,sac5perc100prob,sac5perc100prob,1,1,1,1,1,1,1,1,1,1
2afc_piloto,4,2023 08 11,na_na_na_na,0_0_na,550,15 47 00,16 47 00,1,sac5perc100prob,sac5perc100prob,1,1,1,1,1,1,1,1,1,1
2afc_piloto,5,2023 08 12,na_na_na_na,0_0_na,548,13 00 00,14 00 00,1,sac5perc100prob,sac5perc100prob,1,1,1,1,1,1,1,1,1,1
2afc_piloto,5,2023 08 12,na_na_na_na,0_0_na,549,14 10 00,15 10 00,1,sac5perc100prob,sac5perc100prob,1,1,1,1,1,1,1,1,1,1
2afc_piloto,5,2023 08 12,na_na_na_na,0_0_na,550,15 20 00,16 20 00,1,sac5perc100prob,sac5perc100prob,1,1,1,1,1,1,1,1,1,1
2afc_piloto,6,2023 08 13,na_na_na_na,0_0_na,548,12 50 00,13 50 00,1,sac5perc100prob,sac5perc100prob,1,1,1,1,1,1,1,1,1,1
2afc_piloto,6,2023 08 13,na_na_na_na,0_0_na,549,14 04 00,15 04 00,1,sac5perc100prob,sac5perc100prob,1,1,1,1,1,1,1,1,1,1
2afc_piloto,6,2023 08 13,na_na_na_na,0_0_na,550,15 15 00,16 15 00,1,sac5perc100prob,sac5perc100prob,1,1,1,1,1,1,1,1,1,1
2afc_piloto,7,2023 08 14,na_na_na_na,0_0_na,548,12 50 00,13 50 00,1,sac5perc100prob,sac5perc100prob,1,1,1,1,1,1,1,1,1,1
2afc_piloto,7,2023 08 14,na_na_na_na,0_0_na,549,14 04 00,15 04 00,1,sac5perc100prob,sac5perc100prob,1,1,1,1,1,1,1,1,1,1
2afc_piloto,7,2023 08 14,na_na_na_na,0_0_na,550,15 12 00,16 12 00,1,sac5perc100prob,sac5perc100prob,1,1,1,1,1,1,1,1,1,1
2afc_piloto,8,2023 08 15,na_na_na_na,0_0_na,548,13 10 00,14 10 00,1,sac5perc100prob,sac5perc100prob,1,1,1,1,1,1,1,1,1,1
2afc_piloto,8,2023 08 15,na_na_na_na,0_0_na,549,14 36 00,15 36 00,1,sac5perc100prob,sac5perc100prob,1,1,1,1,1,1,1,1,1,1
2afc_piloto,8,2023 08 15,na_na_na_na,0_0_na,550,15 42 00,16 42 00,1,sac5perc100prob,sac5perc100prob,1,1,1,1,1,1,1,1,1,1
2afc_piloto,9,2023 08 16,na_na_na_na,0_0_na,548,12 45 00,13 45 00,1,sac5perc100prob,sac5perc100prob,1,1,1,1,1,1,1,1,1,1
2afc_piloto,9,2023 08 16,na_na_na_na,0_0_na,549,14 05 00,15 05 00,1,sac5perc100prob,sac5perc100prob,1,1,1,1,1,1,1,1,1,1
2afc_piloto,9,2023 08 16,na_na_na_na,0_0_na,550,15 18 00,16 18 00,1,sac5perc100prob,sac5perc100prob,1,1,1,1,1,1,1,1,1,1
2afc_piloto,10,2023 08 17,na_na_na_na,0_0_na,548,13 00 00,14 00 00,1,sac5perc100prob,sac5perc100prob,1,1,1,1,1,1,1,1,1,1
2afc_piloto,10,2023 08 17,na_na_na_na,0_0_na,549,14 14 00,15 14 00,1,sac5perc100prob,sac5perc100prob,1,1,1,1,1,1,1,1,1,1
2afc_piloto,10,2023 08 17,na_na_na_na,0_0_na,550,15 20 00,16 20 00,1,sac5perc100prob,sac5perc100prob,1,1,1,1,1,1,1,1,1,1
2afc_piloto,11,2023 08 18,na_na_na_na,0_0_na,548,12 55 00,13 55 00,1,sac5perc100prob,sac5perc100prob,1,1,1,1,1,1,1,1,1,1
2afc_piloto,11,2023 08 18,na_na_na_na,0_0_na,549,14 20 00,15 20 00,1,sac5perc100prob,sac5perc100prob,1,1,1,1,1,1,1,1,1,1
2afc_piloto,11,2023 08 18,na_na_na_na,0_0_na,550,15 40 00,16 40 00,1,sac5perc100prob,sac5perc100prob,1,1,1,1,1,1,1,1,1,1
2afc_piloto,12,2023 08 19,na_na_na_na,0_0_na,548,13 00 00,14 00 00,1,sac5perc100prob,sac5perc100prob,1,1,1,1,1,1,1,1,1,1
2afc_piloto,12,2023 08 19,na_na_na_na,0_0_na,549,14 17 00,15 17 00,1,sac5perc100prob,sac5perc100prob,1,1,1,1,1,1,1,1,1,1
2afc_piloto,12,2023 08 19,na_na_na_na,0_0_na,550,15 47 00,16 17 00,1,sac5perc100prob,sac5perc100prob,1,1,1,1,1,1,1,1,1,1
2afc_piloto,13,2023 08 20,na_na_na_na,0_0_na,548,12 45 00,13 45 00,1,sac10perc100prob,sac10perc100prob,1,1,1,1,1,1,1,1,1,1
2afc_piloto,13,2023 08 20,na_na_na_na,0_0_na,549,14 00 00,15 00 00,1,sac10perc100prob,sac10perc100prob,1,1,1,1,1,1,1,1,1,1
2afc_piloto,13,2023 08 20,na_na_na_na,0_0_na,550,15 20 00,16 20 00,1,sac10perc100prob,sac10perc100prob,1,1,1,1,1,1,1,1,1,1
2afc_piloto,14,2023 08 21,na_na_na_na,0_0_na,548,13 19 00,14 19 00,1,sac10perc100prob,sac10perc100prob,1,1,1,1,1,1,1,1,1,1
2afc_piloto,14,2023 08 21,na_na_na_na,0_0_na,549,14 43 00,15 43 00,1,sac10perc100prob,sac10perc100prob,1,1,1,1,1,1,1,1,1,1
2afc_piloto,14,2023 08 21,na_na_na_na,0_0_na,550,16 05 00,17 05 00,1,sac10perc100prob,sac10perc100prob,1,1,1,1,1,1,1,1,1,1
2afc_piloto,15,2023 08 22,na_na_na_na,0_0_na,548,12 38 00,13 38 00,1,sac10perc100prob,sac10perc100prob,1,1,1,1,1,1,1,1,1,1
2afc_piloto,15,2023 08 22,na_na_na_na,0_0_na,549,14 14 00,15 14 00,1,sac10perc100prob,sac10perc100prob,1,1,1,1,1,1,1,1,1,1
2afc_piloto,15,2023 08 22,na_na_na_na,0_0_na,550,15 33 00,16 33 00,1,sac10perc100prob,sac10perc100prob,1,1,1,1,1,1,1,1,1,1
2afc_piloto,16,2023 08 23,na_na_na_na,0_0_na,548,13 00 00,14 00 00,1,cond10perc100prob,cond10perc100prob,1,1,1,1,1,1,1,1,1,1
2afc_piloto,16,2023 08 23,na_na_na_na,0_0_na,549,14 30 00,15 30 00,1,cond10perc100prob,cond10perc100prob,1,1,1,1,1,1,1,1,1,1
2afc_piloto,16,2023 08 23,na_na_na_na,0_0_na,550,15 48 00,16 48 00,1,cond10perc100prob,cond10perc100prob,1,1,1,1,1,1,1,1,1,1
2afc_piloto,17,2023 08 24,na_na_na_na,0_0_na,548,12 47 00,13 47 00,1,cond10perc100prob,cond10perc100prob,1,1,1,1,1,1,1,1,1,1
2afc_piloto,18,2023 08 25,na_na_na_na,0_0_na,548,13 02 00,14 02 00,1,cond10perc100prob,cond10perc100prob,1,1,1,1,1,1,1,1,1,1
2afc_piloto,17,2023 08 25,na_na_na_na,0_0_na,549,14 34 00,15 34 00,1,cond10perc100prob,cond10perc100prob,1,1,1,1,1,1,1,1,1,1
2afc_piloto,17,2023 08 25,na_na_na_na,0_0_na,550,15 50 00,16 50 00,1,cond10perc100prob,cond10perc100prob,1,1,1,1,1,1,1,1,1,1
2afc_piloto,18,2023 08 26,na_na_na_na,0_0_na,549,12 47 00,13 47 00,1,cond10perc100prob,cond10perc100prob,1,1,1,1,1,1,1,1,1,1
2afc_piloto,18,2023 08 26,na_na_na_na,0_0_na,550,14 00 00,15 00 00,1,cond10perc100prob,cond10perc100prob,1,1,1,1,1,1,1,1,1,1
2afc,1,2023 10 07,na_na_na_na,0_0_na,574,15 46 00,16 46 00,1,cond10perc100prob,cond10perc100prob,1,1,1,1,1,1,1,1,1,1
2afc,1,2023 10 07,na_na_na_na,0_0_na,575,15 48 00,16 48 00,2,cond10perc100prob,cond10perc100prob,1,1,1,1,1,1,1,1,1,1
2afc,1,2023 10 07,na_na_na_na,0_0_na,576,15 49 00,16 49 00,4,cond10perc100prob,cond10perc100prob,1,1,1,1,1,1,1,1,1,1
2afc,1,2023 10 07,na_na_na_na,0_0_na,577,15 49 00,16 49 00,5,cond10perc100prob,cond10perc100prob,1,1,1,1,1,1,1,1,1,1
2afc,1,2023 10 07,na_na_na_na,0_0_na,578,17 18 00,18 18 00,1,cond10perc100prob,cond10perc100prob,1,1,1,1,1,1,1,1,1,1
2afc,1,2023 10 07,na_na_na_na,0_0_na,579,17 19 00,18 19 00,2,cond10perc100prob,cond10perc100prob,1,1,1,1,1,1,1,1,1,1
2afc,1,2023 10 07,na_na_na_na,0_0_na,580,17 20 00,18 20 00,5,cond10perc100prob,cond10perc100prob,1,1,1,1,1,1,1,1,1,1
2afc,1,2023 10 07,na_na_na_na,0_0_na,581,17 21 00,18 21 00,6,cond10perc100prob,cond10perc100prob,1,1,1,1,1,1,1,1,1,1
2afc,2,2023 10 08,na_na_na_na,0_0_na,574,14 45 00,15 45 00,1,cond10perc100prob,cond10perc100prob,1,1,1,1,1,1,1,1,1,1
2afc,2,2023 10 08,na_na_na_na,0_0_na,575,14 46 00,15 46 00,2,cond10perc100prob,cond10perc100prob,1,1,1,1,1,1,1,1,1,1
2afc,2,2023 10 08,na_na_na_na,0_0_na,576,14 46 00,15 46 00,4,cond10perc100prob,cond10perc100prob,1,1,1,1,1,1,1,1,1,1
2afc,2,2023 10 08,na_na_na_na,0_0_na,577,14 47 00,15 47 00,5,cond10perc100prob,cond10perc100prob,1,1,1,1,1,1,1,1,1,1
2afc,2,2023 10 08,na_na_na_na,0_0_na,578,16 22 00,17 22 00,1,cond10perc100prob,cond10perc100prob,1,1,1,1,1,1,1,1,1,1
2afc,2,2023 10 08,na_na_na_na,0_0_na,579,16 23 00,17 23 00,2,cond10perc100prob,cond10perc100prob,1,1,1,1,1,1,1,1,1,1
2afc,2,2023 10 08,na_na_na_na,0_0_na,580,16 24 00,17 24 00,5,cond10perc100prob,cond10perc100prob,1,1,1,1,1,1,1,1,1,1
2afc,2,2023 10 08,na_na_na_na,0_0_na,581,16 24 00,17 24 00,6,cond10perc100prob,cond10perc100prob,1,1,1,1,1,1,1,1,1,1
2afc,3,2023 10 09,na_na_na_na,0_0_na,574,15 02 00,16 02 00,1,cond10perc100prob,cond10perc100prob,1,1,1,1,1,1,1,1,1,1
2afc,3,2023 10 09,na_na_na_na,0_0_na,575,15 03 00,16 03 00,2,cond10perc100prob,cond10perc100prob,1,1,1,1,1,1,1,1,1,1
2afc,3,2023 10 09,na_na_na_na,0_0_na,576,15 04 00,16 04 00,4,cond10perc100prob,cond10perc100prob,1,1,1,1,1,1,1,1,1,1
2afc,3,2023 10 09,na_na_na_na,0_0_na,577,15 04 00,16 04 00,5,cond10perc100prob,cond10perc100prob,1,1,1,1,1,1,1,1,1,1
2afc,3,2023 10 09,na_na_na_na,0_0_na,578,16 35 00,17 35 00,1,cond10perc100prob,cond10perc100prob,1,1,1,1,1,1,1,1,1,1
2afc,3,2023 10 09,na_na_na_na,0_0_na,579,16 35 00,17 35 00,2,cond10perc100prob,cond10perc100prob,1,1,1,1,1,1,1,1,1,1
2afc,3,2023 10 09,na_na_na_na,0_0_na,580,16 35 00,17 35 00,5,cond10perc100prob,cond10perc100prob,1,1,1,1,1,1,1,1,1,1
2afc,3,2023 10 09,na_na_na_na,0_0_na,581,16 35 00,17 35 00,6,cond10perc100prob,cond10perc100prob,1,1,1,1,1,1,1,1,1,1
2afc,4,2023 10 10,na_na_na_na,0_0_na,574,13 56 00,14 56 00,1,cond10perc100prob,cond10perc100prob,1,1,1,1,1,1,1,1,1,1
2afc,4,2023 10 10,na_na_na_na,0_0_na,575,13 57 00,14 57 00,2,cond10perc100prob,cond10perc100prob,1,1,1,1,1,1,1,1,1,1
2afc,4,2023 10 10,na_na_na_na,0_0_na,576,13 57 00,14 57 00,4,cond10perc100prob,cond10perc100prob,1,1,1,1,1,1,1,1,1,1
2afc,4,2023 10 10,na_na_na_na,0_0_na,577,13 58 00,14 58 00,5,cond10perc100prob,cond10perc100prob,1,1,1,1,1,1,1,1,1,1
2afc,4,2023 10 10,na_na_na_na,0_0_na,578,15 45 00,16 45 00,1,cond10perc100prob,cond10perc100prob,1,1,1,1,1,1,1,1,1,1
2afc,4,2023 10 10,na_na_na_na,0_0_na,579,15 45 00,16 45 00,2,cond10perc100prob,cond10perc100prob,1,1,1,1,1,1,1,1,1,1
2afc,4,2023 10 10,na_na_na_na,0_0_na,580,15 45 00,16 45 00,5,cond10perc100prob,cond10perc100prob,1,1,1,1,1,1,1,1,1,1
2afc,4,2023 10 10,na_na_na_na,0_0_na,581,15 45 00,16 45 00,6,cond10perc100prob,cond10perc100prob,1,1,1,1,1,1,1,1,1,1
2afc,5,2023 10 11,na_na_na_na,0_0_na,574,13 59 00,14 59 00,1,cond10perc100prob,cond10perc100prob,1,1,1,1,1,1,1,1,1,1
2afc,5,2023 10 11,na_na_na_na,0_0_na,575,13 59 00,14 59 00,2,cond10perc100prob,cond10perc100prob,1,1,1,1,1,1,1,1,1,1
2afc,5,2023 10 11,na_na_na_na,0_0_na,576,13 59 00,14 59 00,4,cond10perc100prob,cond10perc100prob,1,1,1,1,1,1,1,1,1,1
2afc,5,2023 10 11,na_na_na_na,0_0_na,577,13 59 00,14 59 00,5,cond10perc100prob,cond10perc100prob,1,1,1,1,1,1,1,1,1,1
2afc,5,2023 10 11,na_na_na_na,0_0_na,578,15 38 00,16 38 00,1,cond10perc100prob,cond10perc100prob,1,1,1,1,1,1,1,1,1,1
2afc,5,2023 10 11,na_na_na_na,0_0_na,579,15 39 00,16 39 00,2,cond10perc100prob,cond10perc100prob,1,1,1,1,1,1,1,1,1,1
2afc,5,2023 10 11,na_na_na_na,0_0_na,580,15 39 00,16 39 00,5,cond10perc100prob,cond10perc100prob,1,1,1,1,1,1,1,1,1,1
2afc,5,2023 10 11,na_na_na_na,0_0_na,581,15 40 00,16 40 00,6,cond10perc100prob,cond10perc100prob,1,1,1,1,1,1,1,1,1,1
2afc,6,2023 10 12,na_na_na_na,0_0_na,574,14 28 00,15 30 00,1,cond10perc100prob,cond10perc100prob,1,1,1,1,1,1,1,1,1,1
2afc,6,2023 10 12,na_na_na_na,0_0_na,575,14 29 00,15 30 00,2,cond10perc100prob,cond10perc100prob,1,1,1,1,1,1,1,1,1,1
2afc,6,2023 10 12,na_na_na_na,0_0_na,576,14 29 00,15 30 00,4,cond10perc100prob,cond10perc100prob,1,1,1,1,1,1,1,1,1,1
2afc,6,2023 10 12,na_na_na_na,0_0_na,577,14 30 00,15 30 00,5,cond10perc100prob,cond10perc100prob,1,1,1,1,1,1,1,1,1,1
2afc,6,2023 10 12,na_na_na_na,0_0_na,578,15 54 00,16 54 00,1,cond10perc100prob,cond10perc100prob,1,1,1,1,1,1,1,1,1,1
2afc,6,2023 10 12,na_na_na_na,0_0_na,579,15 54 00,16 54 00,2,cond10perc100prob,cond10perc100prob,1,1,1,1,1,1,1,1,1,1
2afc,6,2023 10 12,na_na_na_na,0_0_na,580,15 54 00,16 54 00,5,cond10perc100prob,cond10perc100prob,1,1,1,1,1,1,1,1,1,1
2afc,6,2023 10 12,na_na_na_na,0_0_na,581,15 54 00,16 54 00,6,cond10perc100prob,cond10perc100prob,1,1,1,1,1,1,1,1,1,1
2afc,7,2023 10 13,na_na_na_na,0_0_na,574,14 30 00,15 30 00,1,cond10perc100prob,cond10perc100prob,1,1,1,1,1,1,1,1,1,1
2afc,7,2023 10 13,na_na_na_na,0_0_na,575,14 30 00,15 30 00,2,cond10perc100prob,cond10perc100prob,1,1,1,1,1,1,1,1,1,1
2afc,7,2023 10 13,na_na_na_na,0_0_na,576,14 30 00,15 30 00,5,cond10perc100prob,cond10perc100prob,1,1,1,1,1,1,1,1,1,1
2afc,7,2023 10 13,na_na_na_na,0_0_na,577,14 30 00,15 30 00,6,cond10perc100prob,cond10perc100prob,1,1,1,1,1,1,1,1,1,1
2afc,7,2023 10 13,na_na_na_na,0_0_na,578,15 55 00,16 55 00,1,cond10perc100prob,cond10perc100prob,1,1,1,1,1,1,1,1,1,1
2afc,7,2023 10 13,na_na_na_na,0_0_na,579,15 55 00,16 55 00,2,cond10perc100prob,cond10perc100prob,1,1,1,1,1,1,1,1,1,1
2afc,7,2023 10 13,na_na_na_na,0_0_na,580,15 55 00,16 55 00,5,cond10perc100prob,cond10perc100prob,1,1,1,1,1,1,1,1,1,1
2afc,7,2023 10 13,na_na_na_na,0_0_na,581,15 55 00,16 55 00,6,cond10perc100prob,cond10perc100prob,1,1,1,1,1,1,1,1,1,1
2afc,8,2023 10 14,na_na_na_na,0_0_na,574,14 44 00,15 44 00,1,cond10perc100prob,cond10perc100prob,1,1,1,1,1,1,1,1,1,1
2afc,8,2023 10 14,na_na_na_na,0_0_na,575,14 44 00,15 44 00,2,cond10perc100prob,cond10perc100prob,1,1,1,1,1,1,1,1,1,1
2afc,8,2023 10 14,na_na_na_na,0_0_na,576,14 44 00,15 44 00,5,cond10perc100prob,cond10perc100prob,1,1,1,1,1,1,1,1,1,1
2afc,8,2023 10 14,na_na_na_na,0_0_na,577,14 44 00,15 44 00,6,cond10perc100prob,cond10perc100prob,1,1,1,1,1,1,1,1,1,1
2afc,8,2023 10 14,na_na_na_na,0_0_na,578,16 12 00,17 12 00,1,cond10perc100prob,cond10perc100prob,1,1,1,1,1,1,1,1,1,1
2afc,8,2023 10 14,na_na_na_na,0_0_na,579,16 12 00,17 12 00,2,cond10perc100prob,cond10perc100prob,1,1,1,1,1,1,1,1,1,1
2afc,8,2023 10 14,na_na_na_na,0_0_na,580,16 12 00,17 12 00,5,cond10perc100prob,cond10perc100prob,1,1,1,1,1,1,1,1,1,1
2afc,8,2023 10 14,na_na_na_na,0_0_na,581,16 12 00,17 12 00,6,cond10perc100prob,cond10perc100prob,1,1,1,1,1,1,1,1,1,1
2afc,9,2023 10 15,na_na_na_na,0_0_na,574,15 38 00,16 38 00,1,cond10perc100prob,cond10perc100prob,1,1,1,1,1,1,1,1,1,1
2afc,9,2023 10 15,na_na_na_na,0_0_na,575,15 38 00,16 38 00,2,cond10perc100prob,cond10perc100prob,1,1,1,1,1,1,1,1,1,1
2afc,9,2023 10 15,na_na_na_na,0_0_na,576,15 38 00,16 38 00,5,cond10perc100prob,cond10perc100prob,1,1,1,1,1,1,1,1,1,1
2afc,9,2023 10 15,na_na_na_na,0_0_na,577,15 38 00,16 38 00,6,cond10perc100prob,cond10perc100prob,1,1,1,1,1,1,1,1,1,1
2afc,9,2023 10 15,na_na_na_na,0_0_na,578,17 00 00,18 00 00,1,cond10perc100prob,cond10perc100prob,1,1,1,1,1,1,1,1,1,1
2afc,9,2023 10 15,na_na_na_na,0_0_na,579,17 00 00,18 00 00,2,cond10perc100prob,cond10perc100prob,1,1,1,1,1,1,1,1,1,1
2afc,9,2023 10 15,na_na_na_na,0_0_na,580,17 00 00,18 00 00,5,cond10perc100prob,cond10perc100prob,1,1,1,1,1,1,1,1,1,1
2afc,9,2023 10 15,na_na_na_na,0_0_na,581,17 00 00,18 00 00,6,cond10perc100prob,cond10perc100prob,1,1,1,1,1,1,1,1,1,1
2afc,10,2023 10 17,na_na_na_na,0_0_na,574,15 46 00,16 46 00,1,cond10perc100prob,cond10perc100prob,1,1,1,1,1,1,1,1,1,1
2afc,10,2023 10 17,na_na_na_na,0_0_na,575,15 46 00,16 46 00,2,cond10perc100prob,cond10perc100prob,1,1,1,1,1,1,1,1,1,1
2afc,10,2023 10 17,na_na_na_na,0_0_na,576,15 46 00,16 46 00,5,cond10perc100prob,cond10perc100prob,1,1,1,1,1,1,1,1,1,1
2afc,10,2023 10 17,na_na_na_na,0_0_na,577,15 46 00,16 46 00,6,cond10perc100prob,cond10perc100prob,1,1,1,1,1,1,1,1,1,1
2afc,10,2023 10 17,na_na_na_na,0_0_na,578,17 11 00,18 11 00,1,cond10perc100prob,cond10perc100prob,1,1,1,1,1,1,1,1,1,1
2afc,10,2023 10 17,na_na_na_na,0_0_na,579,17 11 00,18 11 00,2,cond10perc100prob,cond10perc100prob,1,1,1,1,1,1,1,1,1,1
2afc,10,2023 10 17,na_na_na_na,0_0_na,580,17 11 00,18 11 00,5,cond10perc100prob,cond10perc100prob,1,1,1,1,1,1,1,1,1,1
2afc,10,2023 10 17,na_na_na_na,0_0_na,581,17 11 00,18 11 00,6,cond10perc100prob,cond10perc100prob,1,1,1,1,1,1,1,1,1,1
2afc,11,2023 10 18,na_na_na_na,0_0_na,574,15 32 00,16 32 00,1,cond10perc100prob,cond10perc100prob,1,1,1,1,1,1,1,1,1,1
2afc,11,2023 10 18,na_na_na_na,0_0_na,575,15 32 00,16 32 00,2,cond10perc100prob,cond10perc100prob,1,1,1,1,1,1,1,1,1,1
2afc,11,2023 10 18,na_na_na_na,0_0_na,576,15 32 00,16 32 00,5,cond10perc100prob,cond10perc100prob,1,1,1,1,1,1,1,1,1,1
2afc,11,2023 10 18,na_na_na_na,0_0_na,577,15 32 00,16 32 00,6,cond10perc100prob,cond10perc100prob,1,1,1,1,1,1,1,1,1,1
2afc,11,2023 10 18,na_na_na_na,0_0_na,578,16 52 00,17 52 00,1,cond10perc100prob,cond10perc100prob,1,1,1,1,1,1,1,1,1,1
2afc,11,2023 10 18,na_na_na_na,0_0_na,579,16 52 00,17 52 00,2,cond10perc100prob,cond10perc100prob,1,1,1,1,1,1,1,1,1,1
2afc,11,2023 10 18,na_na_na_na,0_0_na,580,16 52 00,17 52 00,5,cond10perc100prob,cond10perc100prob,1,1,1,1,1,1,1,1,1,1
2afc,11,2023 10 18,na_na_na_na,0_0_na,581,16 52 00,17 52 00,6,cond10perc100prob,cond10perc100prob,1,1,1,1,1,1,1,1,1,1
2afc,12,2023 10 19,na_na_na_na,0_0_na,574,15 30 00,16 30 00,1,cond10perc100prob,cond10perc100prob,1,1,1,1,1,1,1,1,1,1
2afc,12,2023 10 19,na_na_na_na,0_0_na,575,15 30 00,16 30 00,2,cond10perc100prob,cond10perc100prob,1,1,1,1,1,1,1,1,1,1
2afc,12,2023 10 19,na_na_na_na,0_0_na,576,15 30 00,16 30 00,5,cond10perc100prob,cond10perc100prob,1,1,1,1,1,1,1,1,1,1
2afc,12,2023 10 19,na_na_na_na,0_0_na,577,15 30 00,16 30 00,6,cond10perc100prob,cond10perc100prob,1,1,1,1,1,1,1,1,1,1
2afc,12,2023 10 19,na_na_na_na,0_0_na,578,16 59 00,18 00 00,1,cond10perc100prob,cond10perc100prob,1,1,1,1,1,1,1,1,1,1
2afc,12,2023 10 19,na_na_na_na,0_0_na,579,16 59 00,18 00 00,2,cond10perc100prob,cond10perc100prob,1,1,1,1,1,1,1,1,1,1
2afc,12,2023 10 19,na_na_na_na,0_0_na,580,16 59 00,18 00 00,5,cond10perc100prob,cond10perc100prob,1,1,1,1,1,1,1,1,1,1
2afc,12,2023 10 19,na_na_na_na,0_0_na,581,16 59 00,18 00 00,6,cond10perc100prob,cond10perc100prob,1,1,1,1,1,1,1,1,1,1
2afc,13,2023 10 20,na_na_na_na,0_0_na,574,15 41 00,16 41 00,1,cond10perc100prob,cond10perc100prob,1,1,1,1,1,1,1,1,1,1
2afc,13,2023 10 20,na_na_na_na,0_0_na,575,15 41 00,16 41 00,2,cond10perc100prob,cond10perc100prob,1,1,1,1,1,1,1,1,1,1
2afc,13,2023 10 20,na_na_na_na,0_0_na,576,15 41 00,16 41 00,5,cond10perc100prob,cond10perc100prob,1,1,1,1,1,1,1,1,1,1
2afc,13,2023 10 20,na_na_na_na,0_0_na,577,15 41 00,16 41 00,6,cond10perc100prob,cond10perc100prob,1,1,1,1,1,1,1,1,1,1
2afc,13,2023 10 20,na_na_na_na,0_0_na,578,17 06 00,18 06 00,1,cond10perc100prob,cond10perc100prob,1,1,1,1,1,1,1,1,1,1
2afc,13,2023 10 20,na_na_na_na,0_0_na,579,17 06 00,18 06 00,2,cond10perc100prob,cond10perc100prob,1,1,1,1,1,1,1,1,1,1
2afc,13,2023 10 20,na_na_na_na,0_0_na,580,17 06 00,18 06 00,5,cond10perc100prob,cond10perc100prob,1,1,1,1,1,1,1,1,1,1
2afc,13,2023 10 20,na_na_na_na,0_0_na,581,17 06 00,18 06 00,6,cond10perc100prob,cond10perc100prob,1,1,1,1,1,1,1,1,1,1
2afc,14,2023 10 21,na_na_na_na,0_0_na,574,15 34 00,16 34 00,1,cond10perc100prob,cond10perc100prob,1,1,1,1,1,1,1,1,1,1
2afc,14,2023 10 21,na_na_na_na,0_0_na,575,15 34 00,16 34 00,2,cond10perc100prob,cond10perc100prob,1,1,1,1,1,1,1,1,1,1
2afc,14,2023 10 21,na_na_na_na,0_0_na,576,15 34 00,16 34 00,5,cond10perc100prob,cond10perc100prob,1,1,1,1,1,1,1,1,1,1
2afc,14,2023 10 21,na_na_na_na,0_0_na,577,15 34 00,16 34 00,6,cond10perc100prob,cond10perc100prob,1,1,1,1,1,1,1,1,1,1
2afc,14,2023 10 21,na_na_na_na,0_0_na,578,16 55 00,17 55 00,1,cond10perc100prob,cond10perc100prob,1,1,1,1,1,1,1,1,1,1
2afc,14,2023 10 21,na_na_na_na,0_0_na,579,16 55 00,17 55 00,2,cond10perc100prob,cond10perc100prob,1,1,1,1,1,1,1,1,1,1
2afc,14,2023 10 21,na_na_na_na,0_0_na,580,16 55 00,17 55 00,5,cond10perc100prob,cond10perc100prob,1,1,1,1,1,1,1,1,1,1
2afc,14,2023 10 21,na_na_na_na,0_0_na,581,16 55 00,17 55 00,6,cond10perc100prob,cond10perc100prob,1,1,1,1,1,1,1,1,1,1
2afc,15,2023 10 22,na_na_na_na,0_0_na,574,15 42 00,16 42 00,1,cond10perc100prob,cond10perc100prob,1,1,1,1,1,1,1,1,1,1
2afc,15,2023 10 22,na_na_na_na,0_0_na,575,15 42 00,16 42 00,2,cond10perc100prob,cond10perc100prob,1,1,1,1,1,1,1,1,1,1
2afc,15,2023 10 22,na_na_na_na,0_0_na,576,15 42 00,16 42 00,5,cond10perc100prob,cond10perc100prob,1,1,1,1,1,1,1,1,1,1
2afc,15,2023 10 22,na_na_na_na,0_0_na,577,15 42 00,16 42 00,6,cond10perc100prob,cond10perc100prob,1,1,1,1,1,1,1,1,1,1
2afc,15,2023 10 22,na_na_na_na,0_0_na,578,17 03 00,18 03 00,1,cond10perc100prob,cond10perc100prob,1,1,1,1,1,1,1,1,1,1
2afc,15,2023 10 22,na_na_na_na,0_0_na,579,17 03 00,18 03 00,2,cond10perc100prob,cond10perc100prob,1,1,1,1,1,1,1,1,1,1
2afc,15,2023 10 22,na_na_na_na,0_0_na,580,17 03 00,18 03 00,5,cond10perc100prob,cond10perc100prob,1,1,1,1,1,1,1,1,1,1
2afc,15,2023 10 22,na_na_na_na,0_0_na,581,17 03 00,18 03 00,6,cond10perc100prob,cond10perc100prob,1,1,1,1,1,1,1,1,1,1
2afc,16,2023 10 23,na_na_na_na,0_0_na,574,15 45 00,16 45 00,1,cond10perc100prob,cond10perc100prob,1,1,1,1,1,1,1,1,1,1
2afc,16,2023 10 23,na_na_na_na,0_0_na,575,15 45 00,16 45 00,2,cond10perc100prob,cond10perc100prob,1,1,1,1,1,1,1,1,1,1
2afc,16,2023 10 23,na_na_na_na,0_0_na,576,15 45 00,16 45 00,5,cond10perc100prob,cond10perc100prob,1,1,1,1,1,1,1,1,1,1
2afc,16,2023 10 23,na_na_na_na,0_0_na,577,15 45 00,16 45 00,6,cond10perc100prob,cond10perc100prob,1,1,1,1,1,1,1,1,1,1
2afc,16,2023 10 23,na_na_na_na,0_0_na,578,17 14 00,18 14 00,1,cond10perc100prob,cond10perc100prob,1,1,1,1,1,1,1,1,1,1
2afc,16,2023 10 23,na_na_na_na,0_0_na,579,17 14 00,18 14 00,2,cond10perc100prob,cond10perc100prob,1,1,1,1,1,1,1,1,1,1
2afc,16,2023 10 23,na_na_na_na,0_0_na,580,17 14 00,18 14 00,5,cond10perc100prob,cond10perc100prob,1,1,1,1,1,1,1,1,1,1
2afc,16,2023 10 23,na_na_na_na,0_0_na,581,17 14 00,18 14 00,6,cond10perc100prob,cond10perc100prob,1,1,1,1,1,1,1,1,1,1
2afc,17,2023 10 24,na_na_na_na,0_0_na,574,15 53 00,16 53 00,1,cond10perc100prob,cond10perc100prob,1,1,1,1,1,1,1,1,1,1
2afc,17,2023 10 24,na_na_na_na,0_0_na,575,15 53 00,16 53 00,2,cond10perc100prob,cond10perc100prob,1,1,1,1,1,1,1,1,1,1
2afc,17,2023 10 24,na_na_na_na,0_0_na,576,15 53 00,16 53 00,5,cond10perc100prob,cond10perc100prob,1,1,1,1,1,1,1,1,1,1
2afc,17,2023 10 24,na_na_na_na,0_0_na,577,15 53 00,16 53 00,6,cond10perc100prob,cond10perc100prob,1,1,1,1,1,1,1,1,1,1
2afc,17,2023 10 24,na_na_na_na,0_0_na,578,17 15 00,18 15 00,1,cond10perc100prob,cond10perc100prob,1,1,1,1,1,1,1,1,1,1
2afc,17,2023 10 24,na_na_na_na,0_0_na,579,17 15 00,18 15 00,2,cond10perc100prob,cond10perc100prob,1,1,1,1,1,1,1,1,1,1
2afc,17,2023 10 24,na_na_na_na,0_0_na,580,17 15 00,18 15 00,5,cond10perc100prob,cond10perc100prob,1,1,1,1,1,1,1,1,1,1
2afc,17,2023 10 24,na_na_na_na,0_0_na,581,17 15 00,18 15 00,6,cond10perc100prob,cond10perc100prob,1,1,1,1,1,1,1,1,1,1
2afc,18,2023 10 26,veh_na_na_na,0_0_na,574,15 27 00,16 27 00,1,cond50prob,cond25prob,1,1,1,1,1,1,1,1,1,1
2afc,18,2023 10 26,tcs_na_na_na,0_0_na,575,15 27 00,16 27 00,2,cond50prob,cond25prob,1,1,1,1,1,1,1,1,1,1
2afc,18,2023 10 26,veh_na_na_na,0_0_na,576,15 31 00,16 31 00,5,cond100prob,cond100prob,1,1,1,1,1,1,1,1,1,1
2afc,18,2023 10 26,veh_na_na_na,0_0_na,577,15 34 00,16 34 00,6,cond100prob,cond100prob,1,1,1,1,1,1,1,1,1,1
2afc,18,2023 10 26,tcs_na_na_na,0_0_na,578,17 17 00,18 17 00,1,cond50prob,cond100prob,1,1,1,1,1,1,1,1,1,1
2afc,18,2023 10 26,tcs_na_na_na,0_0_na,579,17 17 00,18 17 00,2,cond100prob,cond50prob,1,1,1,1,1,1,1,1,1,1
2afc,18,2023 10 26,tcs_na_na_na,0_0_na,580,17 18 00,18 18 00,5,cond25prob,cond50prob,1,1,1,1,1,1,1,1,1,1
2afc,18,2023 10 26,veh_na_na_na,0_0_na,581,17 18 00,18 18 00,6,cond25prob,cond50prob,1,1,1,1,1,1,1,1,1,1
2afc,19,2023 10 28,tcs_na_na_na,0_0_na,574,15 50 00,16 50 00,1,cond50prob,cond25prob,1,1,1,1,1,1,1,1,1,1
2afc,19,2023 10 28,veh_na_na_na,0_0_na,575,15 50 00,16 50 00,2,cond50prob,cond25prob,1,1,1,1,1,1,1,1,1,1
2afc,19,2023 10 28,tcs_na_na_na,0_0_na,576,15 52 00,16 52 00,5,cond100prob,cond100prob,1,1,1,1,1,1,1,1,1,1
2afc,19,2023 10 28,tcs_na_na_na,0_0_na,577,15 52 00,16 52 00,6,cond100prob,cond100prob,1,1,1,1,1,1,1,1,1,1
2afc,19,2023 10 28,veh_na_na_na,0_0_na,578,17 36 00,18 36 00,1,cond50prob,cond100prob,1,1,1,1,1,1,1,1,1,1
2afc,19,2023 10 28,veh_na_na_na,0_0_na,579,17 36 00,18 36 00,2,cond100prob,cond50prob,1,1,1,1,1,1,1,1,1,1
2afc,19,2023 10 28,veh_na_na_na,0_0_na,580,17 37 00,18 37 00,5,cond25prob,cond50prob,1,1,1,1,1,1,1,1,1,1
2afc,19,2023 10 28,tcs_na_na_na,0_0_na,581,17 37 00,18 37 00,6,cond25prob,cond50prob,1,1,1,1,1,1,1,1,1,1
2afc,20,2023 10 30,tcs_na_na_na,0_0_na,574,15 30 00,16 30 00,1,cond100prob,cond50prob,1,1,1,1,1,1,1,1,1,1
2afc,20,2023 10 30,veh_na_na_na,0_0_na,575,15 31 00,16 31 00,2,cond100prob,cond100prob,1,1,1,1,1,1,1,1,1,1
2afc,20,2023 10 30,veh_na_na_na,0_0_na,576,15 33 00,16 33 00,5,cond25prob,cond50prob,1,1,1,1,1,1,1,1,1,1
2afc,20,2023 10 30,veh_na_na_na,0_0_na,577,15 35 00,16 35 00,6,cond50prob,cond100prob,1,1,1,1,1,1,1,1,1,1
2afc,20,2023 10 30,tcs_na_na_na,0_0_na,578,17 33 00,18 33 00,1,cond100prob,cond100prob,1,1,1,1,1,1,1,1,1,1
2afc,20,2023 10 30,veh_na_na_na,0_0_na,579,17 33 00,18 33 00,2,cond25prob,cond50prob,1,1,1,1,1,1,1,1,1,1
2afc,20,2023 10 30,tcs_na_na_na,0_0_na,580,17 33 00,18 33 00,5,cond50prob,cond100prob,1,1,1,1,1,1,1,1,1,1
2afc,20,2023 10 30,tcs_na_na_na,0_0_na,581,17 33 00,18 33 00,6,cond100prob,cond100prob,1,1,1,1,1,1,1,1,1,1
2afc,21,2023 11 01,veh_na_na_na,0_0_na,574,14 14 00,15 14 00,1,cond100prob,cond50prob,1,1,1,1,1,1,1,1,1,1
2afc,21,2023 11 01,tcs_na_na_na,0_0_na,575,14 17 00,15 17 00,2,cond100prob,cond100prob,1,1,1,1,1,1,1,1,1,1
2afc,21,2023 11 01,tcs_na_na_na,0_0_na,576,14 19 00,15 19 00,5,cond25prob,cond50prob,1,1,1,1,1,1,1,1,1,1
2afc,21,2023 11 01,tcs_na_na_na,0_0_na,577,14 21 00,15 21 00,6,cond50prob,cond100prob,1,1,1,1,1,1,1,1,1,1
2afc,21,2023 11 01,veh_na_na_na,0_0_na,578,16 12 00,17 12 00,1,cond100prob,cond100prob,1,1,1,1,1,1,1,1,1,1
2afc,21,2023 11 01,tcs_na_na_na,0_0_na,579,16 12 00,17 12 00,2,cond25prob,cond50prob,1,1,1,1,1,1,1,1,1,1
2afc,21,2023 11 01,veh_na_na_na,0_0_na,580,16 13 00,17 13 00,5,cond50prob,cond100prob,1,1,1,1,1,1,1,1,1,1
2afc,21,2023 11 01,veh_na_na_na,0_0_na,581,16 13 00,17 13 00,6,cond100prob,cond100prob,1,1,1,1,1,1,1,1,1,1
2afc,22,2023 11 03,tcs_na_na_na,0_0_na,574,14 30 00,15 30 00,1,cond100prob,cond100prob,1,1,1,1,1,1,1,1,1,1
2afc,22,2023 11 03,tcs_na_na_na,0_0_na,575,14 30 00,15 30 00,2,cond100prob,cond50prob,1,1,1,1,1,1,1,1,1,1
2afc,22,2023 11 03,veh_na_na_na,0_0_na,576,14 31 00,15 30 00,5,cond100prob,cond50prob,1,1,1,1,1,1,1,1,1,1
2afc,22,2023 11 03,tcs_na_na_na,0_0_na,577,14 31 00,15 30 00,6,cond50prob,cond25prob,1,1,1,1,1,1,1,1,1,1
2afc,22,2023 11 03,tcs_na_na_na,0_0_na,578,16 20 00,17 20 00,1,cond50prob,cond25prob,1,1,1,1,1,1,1,1,1,1
2afc,22,2023 11 03,veh_na_na_na,0_0_na,579,16 20 00,17 20 00,2,cond100prob,cond100prob,1,1,1,1,1,1,1,1,1,1
2afc,22,2023 11 03,veh_na_na_na,0_0_na,580,16 20 00,17 20 00,5,cond100prob,cond100prob,1,1,1,1,1,1,1,1,1,1
2afc,22,2023 11 03,veh_na_na_na,0_0_na,581,16 20 00,17 20 00,6,cond100prob,cond50prob,1,1,1,1,1,1,1,1,1,1
2afc,23,2023 11 10,veh_na_na_na,0_0_na,574,14 08 00,15 08 00,1,cond100prob,cond100prob,1,1,1,1,1,1,1,1,1,1
2afc,23,2023 11 10,veh_na_na_na,0_0_na,575,14 08 00,15 08 00,2,cond100prob,cond50prob,1,1,1,1,1,1,1,1,1,1
2afc,23,2023 11 10,tcs_na_na_na,0_0_na,576,14 08 00,15 08 00,5,cond100prob,cond50prob,1,1,1,1,1,1,1,1,1,1
2afc,23,2023 11 10,veh_na_na_na,0_0_na,577,14 08 00,15 08 00,6,cond50prob,cond25prob,1,1,1,1,1,1,1,1,1,1
2afc,23,2023 11 05,veh_na_na_na,0_0_na,578,15 50 00,16 50 00,1,cond50prob,cond25prob,1,1,1,1,1,1,1,1,1,1
2afc,23,2023 11 05,tcs_na_na_na,0_0_na,579,15 50 00,16 50 00,2,cond100prob,cond100prob,1,1,1,1,1,1,1,1,1,1
2afc,23,2023 11 05,tcs_na_na_na,0_0_na,580,15 50 00,16 50 00,5,cond100prob,cond100prob,1,1,1,1,1,1,1,1,1,1
2afc,23,2023 11 05,tcs_na_na_na,0_0_na,581,15 50 00,16 50 00,6,cond100prob,cond50prob,1,1,1,1,1,1,1,1,1,1
